<?xml version="1.0" encoding="UTF-8" standalone="yes"?>
<x0:licenses_list xmlns:x0="urn://roszdravnadzor-ru/licenses/1.0.0"><x0:licenses><x0:name>Министерство здравоохранения Республики Татарстан</x0:name><x0:activity_type>Медицинская деятельность</x0:activity_type><x0:full_name_licensee>Общество с ограниченной ответственностью "Медицинский центр сваисмед"</x0:full_name_licensee><x0:abbreviated_name_licensee>ООО "МЕДИЦИНСКИЙ ЦЕНТР СВАИСМЕД"</x0:abbreviated_name_licensee><x0:brand_name_licensee></x0:brand_name_licensee><x0:form>Общество с ограниченной ответственностью</x0:form><x0:address_region>Республика Татарстан</x0:address_region><x0:address>420102, Россия, Республика Татарстан, г. Казань, УЛ СЕРОВА, ЗД. 6Б, ЭТАЖ/КАБ. 2/5</x0:address><x0:ogrn>1241600047116</x0:ogrn><x0:inn>1658252993</x0:inn><x0:work_address_list><x0:address_place><x0:address>420102, Республика Татарстан, г Казань, ул Серова, зд. 6Б этаж 2 кабинет 6</x0:address><x0:index>420102</x0:index><x0:region>Республика Татарстан</x0:region><x0:street>г Казань, ул Серова, зд. 6Б этаж 2 кабинет 6</x0:street><x0:code_fias>670accab-ee2e-4ce4-95be-4998ac5e8210</x0:code_fias><x0:works><x0:work>1000. При оказании первичной медико-санитарной помощи организуются и выполняются следующие работы (услуги):</x0:work><x0:work>при оказании первичной доврачебной медико-санитарной помощи в амбулаторных условиях по:</x0:work><x0:work>сестринскому делу</x0:work><x0:work>при оказании первичной врачебной медико-санитарной помощи в амбулаторных условиях по:</x0:work><x0:work>терапии</x0:work><x0:work>при оказании первичной специализированной медико-санитарной помощи в амбулаторных условиях по:</x0:work><x0:work>психиатрии</x0:work><x0:work>психиатрии-наркологии</x0:work></x0:works></x0:address_place></x0:work_address_list><x0:number>Л041-01181-16/02045218</x0:number><x0:date>28.03.2025</x0:date><x0:number_orders>671</x0:number_orders><x0:date_order>28.03.2025</x0:date_order><x0:date_register>28.03.2025</x0:date_register></x0:licenses></x0:licenses_list>
